"GEO_ID","NAME","S1901_C01_001E","S1901_C01_001EA","S1901_C01_001M","S1901_C01_001MA","S1901_C01_002E","S1901_C01_002M","S1901_C01_002MA","S1901_C01_002EA","S1901_C01_003E","S1901_C01_003EA","S1901_C01_003M","S1901_C01_003MA","S1901_C01_004E","S1901_C01_004EA","S1901_C01_004M","S1901_C01_004MA","S1901_C01_005E","S1901_C01_005EA","S1901_C01_005M","S1901_C01_005MA","S1901_C01_006E","S1901_C01_006M","S1901_C01_006MA","S1901_C01_006EA","S1901_C01_007E","S1901_C01_007EA","S1901_C01_007M","S1901_C01_007MA","S1901_C01_008E","S1901_C01_008M","S1901_C01_008MA","S1901_C01_008EA","S1901_C01_009E","S1901_C01_009EA","S1901_C01_009M","S1901_C01_009MA","S1901_C01_010E","S1901_C01_010M","S1901_C01_010MA","S1901_C01_010EA","S1901_C01_011E","S1901_C01_011M","S1901_C01_011MA","S1901_C01_011EA","S1901_C01_012E","S1901_C01_012M","S1901_C01_012MA","S1901_C01_012EA","S1901_C01_013E","S1901_C01_013M","S1901_C01_013MA","S1901_C01_013EA","S1901_C01_014E","S1901_C01_014M","S1901_C01_014MA","S1901_C01_014EA","S1901_C01_015E","S1901_C01_015M","S1901_C01_015MA","S1901_C01_015EA","S1901_C01_016E","S1901_C01_016EA","S1901_C01_016M","S1901_C01_016MA","S1901_C02_001E","S1901_C02_001EA","S1901_C02_001M","S1901_C02_001MA","S1901_C02_002E","S1901_C02_002EA","S1901_C02_002M","S1901_C02_002MA","S1901_C02_003E","S1901_C02_003EA","S1901_C02_003M","S1901_C02_003MA","S1901_C02_004E","S1901_C02_004EA","S1901_C02_004M","S1901_C02_004MA","S1901_C02_005E","S1901_C02_005EA","S1901_C02_005M","S1901_C02_005MA","S1901_C02_006E","S1901_C02_006EA","S1901_C02_006M","S1901_C02_006MA","S1901_C02_007E","S1901_C02_007EA","S1901_C02_007M","S1901_C02_007MA","S1901_C02_008E","S1901_C02_008M","S1901_C02_008MA","S1901_C02_008EA","S1901_C02_009E","S1901_C02_009M","S1901_C02_009MA","S1901_C02_009EA","S1901_C02_010E","S1901_C02_010M","S1901_C02_010MA","S1901_C02_010EA","S1901_C02_011E","S1901_C02_011M","S1901_C02_011MA","S1901_C02_011EA","S1901_C02_012E","S1901_C02_012M","S1901_C02_012MA","S1901_C02_012EA","S1901_C02_013E","S1901_C02_013M","S1901_C02_013MA","S1901_C02_013EA","S1901_C02_014E","S1901_C02_014EA","S1901_C02_014M","S1901_C02_014MA","S1901_C02_015E","S1901_C02_015M","S1901_C02_015MA","S1901_C02_015EA","S1901_C02_016E","S1901_C02_016M","S1901_C02_016MA","S1901_C02_016EA","S1901_C03_001E","S1901_C03_001M","S1901_C03_001MA","S1901_C03_001EA","S1901_C03_002E","S1901_C03_002EA","S1901_C03_002M","S1901_C03_002MA","S1901_C03_003E","S1901_C03_003M","S1901_C03_003MA","S1901_C03_003EA","S1901_C03_004E","S1901_C03_004M","S1901_C03_004MA","S1901_C03_004EA","S1901_C03_005E","S1901_C03_005EA","S1901_C03_005M","S1901_C03_005MA","S1901_C03_006E","S1901_C03_006EA","S1901_C03_006M","S1901_C03_006MA","S1901_C03_007E","S1901_C03_007M","S1901_C03_007MA","S1901_C03_007EA","S1901_C03_008E","S1901_C03_008M","S1901_C03_008MA","S1901_C03_008EA","S1901_C03_009E","S1901_C03_009M","S1901_C03_009MA","S1901_C03_009EA","S1901_C03_010E","S1901_C03_010M","S1901_C03_010MA","S1901_C03_010EA","S1901_C03_011E","S1901_C03_011EA","S1901_C03_011M","S1901_C03_011MA","S1901_C03_012E","S1901_C03_012EA","S1901_C03_012M","S1901_C03_012MA","S1901_C03_013E","S1901_C03_013M","S1901_C03_013MA","S1901_C03_013EA","S1901_C03_014E","S1901_C03_014EA","S1901_C03_014M","S1901_C03_014MA","S1901_C03_015E","S1901_C03_015M","S1901_C03_015MA","S1901_C03_015EA","S1901_C03_016E","S1901_C03_016M","S1901_C03_016MA","S1901_C03_016EA","S1901_C04_001E","S1901_C04_001EA","S1901_C04_001M","S1901_C04_001MA","S1901_C04_002E","S1901_C04_002EA","S1901_C04_002M","S1901_C04_002MA","S1901_C04_003E","S1901_C04_003EA","S1901_C04_003M","S1901_C04_003MA","S1901_C04_004E","S1901_C04_004EA","S1901_C04_004M","S1901_C04_004MA","S1901_C04_005E","S1901_C04_005EA","S1901_C04_005M","S1901_C04_005MA","S1901_C04_006E","S1901_C04_006EA","S1901_C04_006M","S1901_C04_006MA","S1901_C04_007E","S1901_C04_007EA","S1901_C04_007M","S1901_C04_007MA","S1901_C04_008E","S1901_C04_008EA","S1901_C04_008M","S1901_C04_008MA","S1901_C04_009E","S1901_C04_009M","S1901_C04_009MA","S1901_C04_009EA","S1901_C04_010E","S1901_C04_010EA","S1901_C04_010M","S1901_C04_010MA","S1901_C04_011E","S1901_C04_011M","S1901_C04_011MA","S1901_C04_011EA","S1901_C04_012E","S1901_C04_012M","S1901_C04_012MA","S1901_C04_012EA","S1901_C04_013E","S1901_C04_013EA","S1901_C04_013M","S1901_C04_013MA","S1901_C04_014E","S1901_C04_014M","S1901_C04_014MA","S1901_C04_014EA","S1901_C04_015E","S1901_C04_015M","S1901_C04_015MA","S1901_C04_015EA","S1901_C04_016E","S1901_C04_016EA","S1901_C04_016M","S1901_C04_016MA",
"Geography","Geographic Area Name","Estimate!!Households!!Total","Annotation of Estimate!!Households!!Total","Margin of Error!!Households!!Total","Annotation of Margin of Error!!Households!!Total","Estimate!!Households!!Total!!Less than $10,000","Margin of Error!!Households!!Total!!Less than $10,000","Annotation of Margin of Error!!Households!!Total!!Less than $10,000","Annotation of Estimate!!Households!!Total!!Less than $10,000","Estimate!!Households!!Total!!$10,000 to $14,999","Annotation of Estimate!!Households!!Total!!$10,000 to $14,999","Margin of Error!!Households!!Total!!$10,000 to $14,999","Annotation of Margin of Error!!Households!!Total!!$10,000 to $14,999","Estimate!!Households!!Total!!$15,000 to $24,999","Annotation of Estimate!!Households!!Total!!$15,000 to $24,999","Margin of Error!!Households!!Total!!$15,000 to $24,999","Annotation of Margin of Error!!Households!!Total!!$15,000 to $24,999","Estimate!!Households!!Total!!$25,000 to $34,999","Annotation of Estimate!!Households!!Total!!$25,000 to $34,999","Margin of Error!!Households!!Total!!$25,000 to $34,999","Annotation of Margin of Error!!Households!!Total!!$25,000 to $34,999","Estimate!!Households!!Total!!$35,000 to $49,999","Margin of Error!!Households!!Total!!$35,000 to $49,999","Annotation of Margin of Error!!Households!!Total!!$35,000 to $49,999","Annotation of Estimate!!Households!!Total!!$35,000 to $49,999","Estimate!!Households!!Total!!$50,000 to $74,999","Annotation of Estimate!!Households!!Total!!$50,000 to $74,999","Margin of Error!!Households!!Total!!$50,000 to $74,999","Annotation of Margin of Error!!Households!!Total!!$50,000 to $74,999","Estimate!!Households!!Total!!$75,000 to $99,999","Margin of Error!!Households!!Total!!$75,000 to $99,999","Annotation of Margin of Error!!Households!!Total!!$75,000 to $99,999","Annotation of Estimate!!Households!!Total!!$75,000 to $99,999","Estimate!!Households!!Total!!$100,000 to $149,999","Annotation of Estimate!!Households!!Total!!$100,000 to $149,999","Margin of Error!!Households!!Total!!$100,000 to $149,999","Annotation of Margin of Error!!Households!!Total!!$100,000 to $149,999","Estimate!!Households!!Total!!$150,000 to $199,999","Margin of Error!!Households!!Total!!$150,000 to $199,999","Annotation of Margin of Error!!Households!!Total!!$150,000 to $199,999","Annotation of Estimate!!Households!!Total!!$150,000 to $199,999","Estimate!!Households!!Total!!$200,000 or more","Margin of Error!!Households!!Total!!$200,000 or more","Annotation of Margin of Error!!Households!!Total!!$200,000 or more","Annotation of Estimate!!Households!!Total!!$200,000 or more","Estimate!!Households!!Median income (dollars)","Margin of Error!!Households!!Median income (dollars)","Annotation of Margin of Error!!Households!!Median income (dollars)","Annotation of Estimate!!Households!!Median income (dollars)","Estimate!!Households!!Mean income (dollars)","Margin of Error!!Households!!Mean income (dollars)","Annotation of Margin of Error!!Households!!Mean income (dollars)","Annotation of Estimate!!Households!!Mean income (dollars)","Estimate!!Households!!PERCENT ALLOCATED!!Household income in the past 12 months","Margin of Error!!Households!!PERCENT ALLOCATED!!Household income in the past 12 months","Annotation of Margin of Error!!Households!!PERCENT ALLOCATED!!Household income in the past 12 months","Annotation of Estimate!!Households!!PERCENT ALLOCATED!!Household income in the past 12 months","Estimate!!Households!!PERCENT ALLOCATED!!Family income in the past 12 months","Margin of Error!!Households!!PERCENT ALLOCATED!!Family income in the past 12 months","Annotation of Margin of Error!!Households!!PERCENT ALLOCATED!!Family income in the past 12 months","Annotation of Estimate!!Households!!PERCENT ALLOCATED!!Family income in the past 12 months","Estimate!!Households!!PERCENT ALLOCATED!!Nonfamily income in the past 12 months","Annotation of Estimate!!Households!!PERCENT ALLOCATED!!Nonfamily income in the past 12 months","Margin of Error!!Households!!PERCENT ALLOCATED!!Nonfamily income in the past 12 months","Annotation of Margin of Error!!Households!!PERCENT ALLOCATED!!Nonfamily income in the past 12 months","Estimate!!Families!!Total","Annotation of Estimate!!Families!!Total","Margin of Error!!Families!!Total","Annotation of Margin of Error!!Families!!Total","Estimate!!Families!!Total!!Less than $10,000","Annotation of Estimate!!Families!!Total!!Less than $10,000","Margin of Error!!Families!!Total!!Less than $10,000","Annotation of Margin of Error!!Families!!Total!!Less than $10,000","Estimate!!Families!!Total!!$10,000 to $14,999","Annotation of Estimate!!Families!!Total!!$10,000 to $14,999","Margin of Error!!Families!!Total!!$10,000 to $14,999","Annotation of Margin of Error!!Families!!Total!!$10,000 to $14,999","Estimate!!Families!!Total!!$15,000 to $24,999","Annotation of Estimate!!Families!!Total!!$15,000 to $24,999","Margin of Error!!Families!!Total!!$15,000 to $24,999","Annotation of Margin of Error!!Families!!Total!!$15,000 to $24,999","Estimate!!Families!!Total!!$25,000 to $34,999","Annotation of Estimate!!Families!!Total!!$25,000 to $34,999","Margin of Error!!Families!!Total!!$25,000 to $34,999","Annotation of Margin of Error!!Families!!Total!!$25,000 to $34,999","Estimate!!Families!!Total!!$35,000 to $49,999","Annotation of Estimate!!Families!!Total!!$35,000 to $49,999","Margin of Error!!Families!!Total!!$35,000 to $49,999","Annotation of Margin of Error!!Families!!Total!!$35,000 to $49,999","Estimate!!Families!!Total!!$50,000 to $74,999","Annotation of Estimate!!Families!!Total!!$50,000 to $74,999","Margin of Error!!Families!!Total!!$50,000 to $74,999","Annotation of Margin of Error!!Families!!Total!!$50,000 to $74,999","Estimate!!Families!!Total!!$75,000 to $99,999","Margin of Error!!Families!!Total!!$75,000 to $99,999","Annotation of Margin of Error!!Families!!Total!!$75,000 to $99,999","Annotation of Estimate!!Families!!Total!!$75,000 to $99,999","Estimate!!Families!!Total!!$100,000 to $149,999","Margin of Error!!Families!!Total!!$100,000 to $149,999","Annotation of Margin of Error!!Families!!Total!!$100,000 to $149,999","Annotation of Estimate!!Families!!Total!!$100,000 to $149,999","Estimate!!Families!!Total!!$150,000 to $199,999","Margin of Error!!Families!!Total!!$150,000 to $199,999","Annotation of Margin of Error!!Families!!Total!!$150,000 to $199,999","Annotation of Estimate!!Families!!Total!!$150,000 to $199,999","Estimate!!Families!!Total!!$200,000 or more","Margin of Error!!Families!!Total!!$200,000 or more","Annotation of Margin of Error!!Families!!Total!!$200,000 or more","Annotation of Estimate!!Families!!Total!!$200,000 or more","Estimate!!Families!!Median income (dollars)","Margin of Error!!Families!!Median income (dollars)","Annotation of Margin of Error!!Families!!Median income (dollars)","Annotation of Estimate!!Families!!Median income (dollars)","Estimate!!Families!!Mean income (dollars)","Margin of Error!!Families!!Mean income (dollars)","Annotation of Margin of Error!!Families!!Mean income (dollars)","Annotation of Estimate!!Families!!Mean income (dollars)","Estimate!!Families!!PERCENT ALLOCATED!!Household income in the past 12 months","Annotation of Estimate!!Families!!PERCENT ALLOCATED!!Household income in the past 12 months","Margin of Error!!Families!!PERCENT ALLOCATED!!Household income in the past 12 months","Annotation of Margin of Error!!Families!!PERCENT ALLOCATED!!Household income in the past 12 months","Estimate!!Families!!PERCENT ALLOCATED!!Family income in the past 12 months","Margin of Error!!Families!!PERCENT ALLOCATED!!Family income in the past 12 months","Annotation of Margin of Error!!Families!!PERCENT ALLOCATED!!Family income in the past 12 months","Annotation of Estimate!!Families!!PERCENT ALLOCATED!!Family income in the past 12 months","Estimate!!Families!!PERCENT ALLOCATED!!Nonfamily income in the past 12 months","Margin of Error!!Families!!PERCENT ALLOCATED!!Nonfamily income in the past 12 months","Annotation of Margin of Error!!Families!!PERCENT ALLOCATED!!Nonfamily income in the past 12 months","Annotation of Estimate!!Families!!PERCENT ALLOCATED!!Nonfamily income in the past 12 months","Estimate!!Married-couple families!!Total","Margin of Error!!Married-couple families!!Total","Annotation of Margin of Error!!Married-couple families!!Total","Annotation of Estimate!!Married-couple families!!Total","Estimate!!Married-couple families!!Total!!Less than $10,000","Annotation of Estimate!!Married-couple families!!Total!!Less than $10,000","Margin of Error!!Married-couple families!!Total!!Less than $10,000","Annotation of Margin of Error!!Married-couple families!!Total!!Less than $10,000","Estimate!!Married-couple families!!Total!!$10,000 to $14,999","Margin of Error!!Married-couple families!!Total!!$10,000 to $14,999","Annotation of Margin of Error!!Married-couple families!!Total!!$10,000 to $14,999","Annotation of Estimate!!Married-couple families!!Total!!$10,000 to $14,999","Estimate!!Married-couple families!!Total!!$15,000 to $24,999","Margin of Error!!Married-couple families!!Total!!$15,000 to $24,999","Annotation of Margin of Error!!Married-couple families!!Total!!$15,000 to $24,999","Annotation of Estimate!!Married-couple families!!Total!!$15,000 to $24,999","Estimate!!Married-couple families!!Total!!$25,000 to $34,999","Annotation of Estimate!!Married-couple families!!Total!!$25,000 to $34,999","Margin of Error!!Married-couple families!!Total!!$25,000 to $34,999","Annotation of Margin of Error!!Married-couple families!!Total!!$25,000 to $34,999","Estimate!!Married-couple families!!Total!!$35,000 to $49,999","Annotation of Estimate!!Married-couple families!!Total!!$35,000 to $49,999","Margin of Error!!Married-couple families!!Total!!$35,000 to $49,999","Annotation of Margin of Error!!Married-couple families!!Total!!$35,000 to $49,999","Estimate!!Married-couple families!!Total!!$50,000 to $74,999","Margin of Error!!Married-couple families!!Total!!$50,000 to $74,999","Annotation of Margin of Error!!Married-couple families!!Total!!$50,000 to $74,999","Annotation of Estimate!!Married-couple families!!Total!!$50,000 to $74,999","Estimate!!Married-couple families!!Total!!$75,000 to $99,999","Margin of Error!!Married-couple families!!Total!!$75,000 to $99,999","Annotation of Margin of Error!!Married-couple families!!Total!!$75,000 to $99,999","Annotation of Estimate!!Married-couple families!!Total!!$75,000 to $99,999","Estimate!!Married-couple families!!Total!!$100,000 to $149,999","Margin of Error!!Married-couple families!!Total!!$100,000 to $149,999","Annotation of Margin of Error!!Married-couple families!!Total!!$100,000 to $149,999","Annotation of Estimate!!Married-couple families!!Total!!$100,000 to $149,999","Estimate!!Married-couple families!!Total!!$150,000 to $199,999","Margin of Error!!Married-couple families!!Total!!$150,000 to $199,999","Annotation of Margin of Error!!Married-couple families!!Total!!$150,000 to $199,999","Annotation of Estimate!!Married-couple families!!Total!!$150,000 to $199,999","Estimate!!Married-couple families!!Total!!$200,000 or more","Annotation of Estimate!!Married-couple families!!Total!!$200,000 or more","Margin of Error!!Married-couple families!!Total!!$200,000 or more","Annotation of Margin of Error!!Married-couple families!!Total!!$200,000 or more","Estimate!!Married-couple families!!Median income (dollars)","Annotation of Estimate!!Married-couple families!!Median income (dollars)","Margin of Error!!Married-couple families!!Median income (dollars)","Annotation of Margin of Error!!Married-couple families!!Median income (dollars)","Estimate!!Married-couple families!!Mean income (dollars)","Margin of Error!!Married-couple families!!Mean income (dollars)","Annotation of Margin of Error!!Married-couple families!!Mean income (dollars)","Annotation of Estimate!!Married-couple families!!Mean income (dollars)","Estimate!!Married-couple families!!PERCENT ALLOCATED!!Household income in the past 12 months","Annotation of Estimate!!Married-couple families!!PERCENT ALLOCATED!!Household income in the past 12 months","Margin of Error!!Married-couple families!!PERCENT ALLOCATED!!Household income in the past 12 months","Annotation of Margin of Error!!Married-couple families!!PERCENT ALLOCATED!!Household income in the past 12 months","Estimate!!Married-couple families!!PERCENT ALLOCATED!!Family income in the past 12 months","Margin of Error!!Married-couple families!!PERCENT ALLOCATED!!Family income in the past 12 months","Annotation of Margin of Error!!Married-couple families!!PERCENT ALLOCATED!!Family income in the past 12 months","Annotation of Estimate!!Married-couple families!!PERCENT ALLOCATED!!Family income in the past 12 months","Estimate!!Married-couple families!!PERCENT ALLOCATED!!Nonfamily income in the past 12 months","Margin of Error!!Married-couple families!!PERCENT ALLOCATED!!Nonfamily income in the past 12 months","Annotation of Margin of Error!!Married-couple families!!PERCENT ALLOCATED!!Nonfamily income in the past 12 months","Annotation of Estimate!!Married-couple families!!PERCENT ALLOCATED!!Nonfamily income in the past 12 months","Estimate!!Nonfamily households!!Total","Annotation of Estimate!!Nonfamily households!!Total","Margin of Error!!Nonfamily households!!Total","Annotation of Margin of Error!!Nonfamily households!!Total","Estimate!!Nonfamily households!!Total!!Less than $10,000","Annotation of Estimate!!Nonfamily households!!Total!!Less than $10,000","Margin of Error!!Nonfamily households!!Total!!Less than $10,000","Annotation of Margin of Error!!Nonfamily households!!Total!!Less than $10,000","Estimate!!Nonfamily households!!Total!!$10,000 to $14,999","Annotation of Estimate!!Nonfamily households!!Total!!$10,000 to $14,999","Margin of Error!!Nonfamily households!!Total!!$10,000 to $14,999","Annotation of Margin of Error!!Nonfamily households!!Total!!$10,000 to $14,999","Estimate!!Nonfamily households!!Total!!$15,000 to $24,999","Annotation of Estimate!!Nonfamily households!!Total!!$15,000 to $24,999","Margin of Error!!Nonfamily households!!Total!!$15,000 to $24,999","Annotation of Margin of Error!!Nonfamily households!!Total!!$15,000 to $24,999","Estimate!!Nonfamily households!!Total!!$25,000 to $34,999","Annotation of Estimate!!Nonfamily households!!Total!!$25,000 to $34,999","Margin of Error!!Nonfamily households!!Total!!$25,000 to $34,999","Annotation of Margin of Error!!Nonfamily households!!Total!!$25,000 to $34,999","Estimate!!Nonfamily households!!Total!!$35,000 to $49,999","Annotation of Estimate!!Nonfamily households!!Total!!$35,000 to $49,999","Margin of Error!!Nonfamily households!!Total!!$35,000 to $49,999","Annotation of Margin of Error!!Nonfamily households!!Total!!$35,000 to $49,999","Estimate!!Nonfamily households!!Total!!$50,000 to $74,999","Annotation of Estimate!!Nonfamily households!!Total!!$50,000 to $74,999","Margin of Error!!Nonfamily households!!Total!!$50,000 to $74,999","Annotation of Margin of Error!!Nonfamily households!!Total!!$50,000 to $74,999","Estimate!!Nonfamily households!!Total!!$75,000 to $99,999","Annotation of Estimate!!Nonfamily households!!Total!!$75,000 to $99,999","Margin of Error!!Nonfamily households!!Total!!$75,000 to $99,999","Annotation of Margin of Error!!Nonfamily households!!Total!!$75,000 to $99,999","Estimate!!Nonfamily households!!Total!!$100,000 to $149,999","Margin of Error!!Nonfamily households!!Total!!$100,000 to $149,999","Annotation of Margin of Error!!Nonfamily households!!Total!!$100,000 to $149,999","Annotation of Estimate!!Nonfamily households!!Total!!$100,000 to $149,999","Estimate!!Nonfamily households!!Total!!$150,000 to $199,999","Annotation of Estimate!!Nonfamily households!!Total!!$150,000 to $199,999","Margin of Error!!Nonfamily households!!Total!!$150,000 to $199,999","Annotation of Margin of Error!!Nonfamily households!!Total!!$150,000 to $199,999","Estimate!!Nonfamily households!!Total!!$200,000 or more","Margin of Error!!Nonfamily households!!Total!!$200,000 or more","Annotation of Margin of Error!!Nonfamily households!!Total!!$200,000 or more","Annotation of Estimate!!Nonfamily households!!Total!!$200,000 or more","Estimate!!Nonfamily households!!Median income (dollars)","Margin of Error!!Nonfamily households!!Median income (dollars)","Annotation of Margin of Error!!Nonfamily households!!Median income (dollars)","Annotation of Estimate!!Nonfamily households!!Median income (dollars)","Estimate!!Nonfamily households!!Mean income (dollars)","Annotation of Estimate!!Nonfamily households!!Mean income (dollars)","Margin of Error!!Nonfamily households!!Mean income (dollars)","Annotation of Margin of Error!!Nonfamily households!!Mean income (dollars)","Estimate!!Nonfamily households!!PERCENT ALLOCATED!!Household income in the past 12 months","Margin of Error!!Nonfamily households!!PERCENT ALLOCATED!!Household income in the past 12 months","Annotation of Margin of Error!!Nonfamily households!!PERCENT ALLOCATED!!Household income in the past 12 months","Annotation of Estimate!!Nonfamily households!!PERCENT ALLOCATED!!Household income in the past 12 months","Estimate!!Nonfamily households!!PERCENT ALLOCATED!!Family income in the past 12 months","Margin of Error!!Nonfamily households!!PERCENT ALLOCATED!!Family income in the past 12 months","Annotation of Margin of Error!!Nonfamily households!!PERCENT ALLOCATED!!Family income in the past 12 months","Annotation of Estimate!!Nonfamily households!!PERCENT ALLOCATED!!Family income in the past 12 months","Estimate!!Nonfamily households!!PERCENT ALLOCATED!!Nonfamily income in the past 12 months","Annotation of Estimate!!Nonfamily households!!PERCENT ALLOCATED!!Nonfamily income in the past 12 months","Margin of Error!!Nonfamily households!!PERCENT ALLOCATED!!Nonfamily income in the past 12 months","Annotation of Margin of Error!!Nonfamily households!!PERCENT ALLOCATED!!Nonfamily income in the past 12 months",
"8600000US02108","ZCTA5 02108","2046","null","266","null","3.7","2.7","null","null","1.5","null","1.3","null","0.0","null","1.9","null","3.3","null","3.9","null","4.6","4.1","null","null","9.8","null","6.7","null","8.5","4.4","null","null","16.6","null","6.2","null","15.2","7.4","null","null","36.9","8.7","null","null","152442","38135","null","null","256003","48603","null","null","36.0","(X)","(X)","null","(X)","(X)","(X)","(X)","(X)","(X)","(X)","(X)","707","null","158","null","0.0","null","5.5","null","0.0","null","5.5","null","2.1","null","3.5","null","0.0","null","5.5","null","0.0","null","5.5","null","2.4","null","4.6","null","2.5","4.0","null","null","7.1","6.2","null","null","25.5","12.2","null","null","60.4","13.9","null","null","237292","73313","null","null","370812","84783","null","null","(X)","(X)","(X)","(X)","44.1","(X)","(X)","null","(X)","(X)","(X)","(X)","675","158","null","null","0.0","null","5.8","null","0.0","5.8","null","null","2.2","3.7","null","null","0.0","null","5.8","null","0.0","null","5.8","null","0.0","5.8","null","null","2.7","4.2","null","null","5.2","5.7","null","null","26.7","12.9","null","null","63.3","null","13.6","null","250,000+","250,000+","***","***","N","N","N","N","(X)","(X)","(X)","(X)","(X)","(X)","(X)","(X)","(X)","(X)","(X)","(X)","1339","null","246","null","5.7","null","4.1","null","2.2","null","2.1","null","0.0","null","2.9","null","5.0","null","5.8","null","7.0","null","6.1","null","12.5","null","9.5","null","11.7","null","6.7","null","21.7","9.5","null","null","9.7","null","9.1","null","24.5","10.2","null","null","106982","21062","null","null","193832","null","56610","null","(X)","(X)","(X)","(X)","(X)","(X)","(X)","(X)","31.7","null","(X)","(X)",
"8600000US02109","ZCTA5 02109","1892","null","211","null","2.7","2.3","null","null","1.4","null","1.1","null","2.2","null","1.7","null","2.9","null","2.3","null","2.6","2.0","null","null","15.4","null","5.8","null","8.4","4.3","null","null","10.3","null","3.7","null","19.5","7.6","null","null","34.6","6.8","null","null","156119","11006","null","null","223066","30023","null","null","40.4","(X)","(X)","null","(X)","(X)","(X)","(X)","(X)","(X)","(X)","(X)","660","null","130","null","0.0","null","5.9","null","0.0","null","5.9","null","2.4","null","3.7","null","1.4","null","2.3","null","2.0","null","3.2","null","11.2","null","7.7","null","9.7","8.1","null","null","3.2","3.5","null","null","13.8","9.4","null","null","56.4","12.4","null","null","250,000+","***","***","250,000+","317803","61971","null","null","(X)","(X)","(X)","(X)","44.4","(X)","(X)","null","(X)","(X)","(X)","(X)","613","123","null","null","0.0","null","6.3","null","0.0","6.3","null","null","2.6","4.0","null","null","1.5","null","2.5","null","0.0","null","6.3","null","10.6","8.1","null","null","6.7","7.7","null","null","3.4","3.7","null","null","14.8","10.2","null","null","60.4","null","13.2","null","250,000+","250,000+","***","***","N","N","N","N","(X)","(X)","(X)","(X)","(X)","(X)","(X)","(X)","(X)","(X)","(X)","(X)","1232","null","221","null","4.2","null","3.6","null","2.1","null","1.8","null","2.0","null","2.2","null","3.7","null","3.3","null","3.0","null","2.6","null","17.6","null","7.9","null","7.6","null","5.2","null","14.1","5.4","null","null","22.6","null","9.8","null","23.0","7.0","null","null","128571","35593","null","null","172315","null","31166","null","(X)","(X)","(X)","(X)","(X)","(X)","(X)","(X)","38.2","null","(X)","(X)",
"8600000US02110","ZCTA5 02110","1325","null","229","null","8.8","6.1","null","null","3.1","null","2.9","null","1.1","null","1.9","null","5.1","null","3.9","null","4.2","3.3","null","null","10.9","null","5.6","null","7.8","4.9","null","null","16.0","null","12.4","null","9.3","5.7","null","null","33.7","9.6","null","null","111971","28722","null","null","283939","74620","null","null","27.2","(X)","(X)","null","(X)","(X)","(X)","(X)","(X)","(X)","(X)","(X)","636","null","199","null","0.0","null","6.1","null","2.4","null","3.7","null","0.0","null","6.1","null","0.0","null","6.1","null","6.6","null","6.2","null","4.4","null","5.3","null","6.8","6.5","null","null","21.1","23.4","null","null","17.1","12.8","null","null","41.7","15.9","null","null","153843","78447","null","null","370904","133137","null","null","(X)","(X)","(X)","(X)","27.5","(X)","(X)","null","(X)","(X)","(X)","(X)","574","197","null","null","0.0","null","6.7","null","2.6","4.1","null","null","0.0","6.7","null","null","0.0","null","6.7","null","2.4","null","3.8","null","1.9","3.4","null","null","7.5","7.3","null","null","23.3","25.3","null","null","19.0","14.1","null","null","43.2","null","18.1","null","154366","null","120025","null","N","N","N","N","(X)","(X)","(X)","(X)","(X)","(X)","(X)","(X)","(X)","(X)","(X)","(X)","689","null","145","null","17.0","null","11.1","null","3.8","null","4.3","null","2.2","null","3.6","null","9.9","null","7.5","null","1.9","null","3.1","null","19.3","null","9.7","null","8.9","null","7.9","null","11.3","6.2","null","null","2.0","null","3.1","null","23.8","11.3","null","null","69911","19149","null","null","174083","null","68455","null","(X)","(X)","(X)","(X)","(X)","(X)","(X)","(X)","24.5","null","(X)","(X)",
"8600000US02111","ZCTA5 02111","3626","null","378","null","15.3","4.5","null","null","9.5","null","4.1","null","10.7","null","4.2","null","7.1","null","3.6","null","6.9","3.5","null","null","8.2","null","3.5","null","5.5","2.6","null","null","6.3","null","2.9","null","7.0","2.8","null","null","23.4","6.3","null","null","52663","20062","null","null","138477","33561","null","null","25.3","(X)","(X)","null","(X)","(X)","(X)","(X)","(X)","(X)","(X)","(X)","1606","null","356","null","9.4","null","8.7","null","7.8","null","5.2","null","15.7","null","7.9","null","6.7","null","5.4","null","10.3","null","6.9","null","7.5","null","5.4","null","5.7","3.8","null","null","2.4","2.5","null","null","4.4","3.5","null","null","30.1","9.9","null","null","50000","37729","null","null","183043","74050","null","null","(X)","(X)","(X)","(X)","31.4","(X)","(X)","null","(X)","(X)","(X)","(X)","1204","266","null","null","5.7","null","8.0","null","7.2","6.2","null","null","14.6","8.7","null","null","3.2","null","3.3","null","9.2","null","6.3","null","6.7","6.0","null","null","7.6","5.0","null","null","3.2","3.3","null","null","4.6","3.9","null","null","37.9","null","12.3","null","-","-","**","**","N","N","N","N","(X)","(X)","(X)","(X)","(X)","(X)","(X)","(X)","(X)","(X)","(X)","(X)","2020","null","306","null","20.0","null","5.9","null","10.8","null","6.4","null","6.8","null","3.6","null","7.4","null","4.4","null","4.1","null","3.7","null","8.9","null","4.5","null","5.3","null","3.4","null","9.3","4.6","null","null","9.2","null","4.2","null","18.1","8.3","null","null","53750","24643","null","null","103044","null","25114","null","(X)","(X)","(X)","(X)","(X)","(X)","(X)","(X)","20.3","null","(X)","(X)",
"8600000US02113","ZCTA5 02113","4286","null","397","null","2.7","1.6","null","null","2.5","null","1.6","null","3.4","null","1.6","null","3.1","null","2.1","null","6.0","2.5","null","null","19.9","null","7.6","null","14.5","4.5","null","null","23.0","null","4.8","null","10.2","2.4","null","null","14.8","4.0","null","null","97686","7795","null","null","137447","19823","null","null","41.9","(X)","(X)","null","(X)","(X)","(X)","(X)","(X)","(X)","(X)","(X)","746","null","152","null","0.0","null","5.2","null","1.2","null","2.0","null","0.0","null","5.2","null","6.7","null","8.5","null","4.3","null","3.7","null","10.6","null","5.0","null","16.0","8.1","null","null","19.2","8.1","null","null","13.3","7.8","null","null","28.8","10.5","null","null","130278","42775","null","null","229045","91445","null","null","(X)","(X)","(X)","(X)","46.8","(X)","(X)","null","(X)","(X)","(X)","(X)","638","141","null","null","0.0","null","6.1","null","1.4","2.4","null","null","0.0","6.1","null","null","7.8","null","9.9","null","5.0","null","4.2","null","6.7","4.4","null","null","11.8","7.8","null","null","19.0","8.6","null","null","14.6","8.8","null","null","33.7","null","11.8","null","148854","null","41824","null","N","N","N","N","(X)","(X)","(X)","(X)","(X)","(X)","(X)","(X)","(X)","(X)","(X)","(X)","3540","null","415","null","3.2","null","1.9","null","2.7","null","1.8","null","4.1","null","2.0","null","2.3","null","1.9","null","6.3","null","3.0","null","22.1","null","8.9","null","14.2","null","4.9","null","23.6","5.7","null","null","9.5","null","2.8","null","11.9","4.3","null","null","93649","13174","null","null","118040","null","14336","null","(X)","(X)","(X)","(X)","(X)","(X)","(X)","(X)","40.8","null","(X)","(X)",
"8600000US02114","ZCTA5 02114","7235","null","466","null","6.3","1.8","null","null","4.4","null","2.1","null","4.6","null","2.0","null","2.1","null","1.2","null","5.4","2.1","null","null","12.7","null","2.8","null","12.1","3.0","null","null","16.2","null","3.4","null","12.6","2.8","null","null","23.6","3.8","null","null","107162","7437","null","null","151154","12776","null","null","28.1","(X)","(X)","null","(X)","(X)","(X)","(X)","(X)","(X)","(X)","(X)","2065","null","333","null","3.2","null","2.7","null","0.0","null","1.9","null","0.3","null","0.4","null","2.5","null","2.5","null","2.5","null","2.4","null","6.5","null","3.5","null","6.3","4.3","null","null","12.5","6.3","null","null","16.6","4.9","null","null","49.5","8.6","null","null","199591","23785","null","null","257922","32264","null","null","(X)","(X)","(X)","(X)","25.5","(X)","(X)","null","(X)","(X)","(X)","(X)","1842","309","null","null","1.8","null","2.8","null","0.0","2.1","null","null","0.3","0.5","null","null","0.3","null","0.4","null","1.8","null","2.3","null","5.8","3.7","null","null","5.6","4.2","null","null","13.2","7.0","null","null","16.5","5.4","null","null","54.6","null","9.2","null","221875","null","53240","null","N","N","N","N","(X)","(X)","(X)","(X)","(X)","(X)","(X)","(X)","(X)","(X)","(X)","(X)","5170","null","429","null","7.5","null","2.3","null","6.1","null","2.9","null","6.3","null","2.8","null","2.6","null","1.5","null","6.0","null","2.2","null","15.1","null","3.9","null","14.4","null","4.0","null","17.8","4.1","null","null","11.6","null","3.2","null","12.5","3.5","null","null","84183","6878","null","null","107428","null","9616","null","(X)","(X)","(X)","(X)","(X)","(X)","(X)","(X)","29.1","null","(X)","(X)",
"8600000US02115","ZCTA5 02115","9276","null","693","null","17.1","2.6","null","null","10.5","null","2.4","null","9.6","null","2.1","null","5.9","null","1.9","null","12.6","4.3","null","null","12.2","null","2.8","null","6.4","1.6","null","null","10.7","null","2.0","null","6.5","2.1","null","null","8.6","1.6","null","null","45827","3911","null","null","80801","6315","null","null","37.7","(X)","(X)","null","(X)","(X)","(X)","(X)","(X)","(X)","(X)","(X)","2127","null","268","null","10.4","null","4.2","null","2.4","null","2.6","null","7.3","null","4.2","null","7.1","null","5.1","null","19.1","null","8.4","null","14.9","null","5.5","null","7.3","3.5","null","null","6.7","3.0","null","null","6.4","2.8","null","null","18.5","5.2","null","null","56771","11950","null","null","132450","23858","null","null","(X)","(X)","(X)","(X)","37.9","(X)","(X)","null","(X)","(X)","(X)","(X)","1297","174","null","null","5.8","null","2.9","null","2.5","3.4","null","null","4.8","2.8","null","null","8.4","null","7.4","null","10.8","null","4.9","null","9.6","6.0","null","null","8.8","5.0","null","null","10.3","4.7","null","null","10.5","4.4","null","null","28.7","null","7.2","null","93438","null","39451","null","N","N","N","N","(X)","(X)","(X)","(X)","(X)","(X)","(X)","(X)","(X)","(X)","(X)","(X)","7149","null","661","null","19.2","null","3.2","null","12.9","null","3.2","null","10.9","null","2.7","null","5.6","null","1.8","null","10.1","null","5.1","null","11.4","null","2.9","null","6.1","null","1.8","null","11.6","2.5","null","null","6.6","null","2.7","null","5.7","1.5","null","null","37115","12967","null","null","65099","null","6204","null","(X)","(X)","(X)","(X)","(X)","(X)","(X)","(X)","37.5","null","(X)","(X)",
"8600000US02116","ZCTA5 02116","12014","null","595","null","8.7","1.9","null","null","5.3","null","1.5","null","4.4","null","1.2","null","3.5","null","1.2","null","7.0","1.9","null","null","7.3","null","1.4","null","8.0","1.7","null","null","13.4","null","1.8","null","10.6","1.9","null","null","31.8","2.7","null","null","115825","9166","null","null","213098","16874","null","null","32.4","(X)","(X)","null","(X)","(X)","(X)","(X)","(X)","(X)","(X)","(X)","4445","null","322","null","2.9","null","1.7","null","2.5","null","1.6","null","4.5","null","1.8","null","3.0","null","1.4","null","7.2","null","4.0","null","2.7","null","1.4","null","5.5","2.4","null","null","7.9","2.0","null","null","14.0","3.5","null","null","49.8","5.0","null","null","199625","17211","null","null","318515","38744","null","null","(X)","(X)","(X)","(X)","38.2","(X)","(X)","null","(X)","(X)","(X)","(X)","3696","296","null","null","1.7","null","1.1","null","2.3","1.7","null","null","3.8","1.7","null","null","1.8","null","1.1","null","3.5","null","1.7","null","2.7","1.6","null","null","4.5","2.2","null","null","8.0","2.3","null","null","14.9","4.0","null","null","56.7","null","4.7","null","228362","null","24422","null","N","N","N","N","(X)","(X)","(X)","(X)","(X)","(X)","(X)","(X)","(X)","(X)","(X)","(X)","7569","null","547","null","12.2","null","2.9","null","6.9","null","2.3","null","4.3","null","1.8","null","3.7","null","1.6","null","6.9","null","2.2","null","10.0","null","2.1","null","9.8","null","2.4","null","16.8","2.7","null","null","8.8","null","2.3","null","20.6","2.7","null","null","89638","9235","null","null","150380","null","15949","null","(X)","(X)","(X)","(X)","(X)","(X)","(X)","(X)","28.9","null","(X)","(X)",
"8600000US02118","ZCTA5 02118","13672","null","658","null","12.9","2.9","null","null","9.1","null","2.9","null","11.0","null","2.4","null","4.0","null","1.6","null","8.0","2.4","null","null","9.7","null","2.4","null","5.8","1.3","null","null","8.8","null","1.4","null","9.9","2.1","null","null","20.8","2.5","null","null","62850","9935","null","null","136215","11581","null","null","36.2","(X)","(X)","null","(X)","(X)","(X)","(X)","(X)","(X)","(X)","(X)","5395","null","417","null","8.6","null","2.9","null","3.4","null","1.5","null","10.3","null","4.1","null","5.2","null","2.6","null","9.6","null","3.9","null","8.7","null","3.3","null","6.0","2.0","null","null","9.6","2.9","null","null","8.3","2.6","null","null","30.2","4.1","null","null","86492","32484","null","null","191166","21641","null","null","(X)","(X)","(X)","(X)","38.1","(X)","(X)","null","(X)","(X)","(X)","(X)","3544","367","null","null","3.2","null","2.8","null","2.7","1.5","null","null","8.9","4.6","null","null","3.2","null","2.8","null","7.3","null","3.9","null","6.2","3.6","null","null","3.0","1.4","null","null","11.6","3.2","null","null","11.2","3.7","null","null","42.6","null","5.3","null","159699","null","30196","null","N","N","N","N","(X)","(X)","(X)","(X)","(X)","(X)","(X)","(X)","(X)","(X)","(X)","(X)","8277","null","709","null","15.9","null","4.2","null","12.7","null","4.5","null","11.4","null","3.2","null","3.2","null","2.0","null","7.0","null","3.0","null","10.3","null","2.9","null","5.7","null","1.9","null","8.6","1.9","null","null","10.9","null","3.0","null","14.3","2.8","null","null","49583","10040","null","null","98561","null","11134","null","(X)","(X)","(X)","(X)","(X)","(X)","(X)","(X)","34.8","null","(X)","(X)",
"8600000US02119","ZCTA5 02119","11738","null","681","null","21.1","3.2","null","null","10.9","null","2.1","null","12.2","null","2.9","null","7.1","null","1.9","null","13.8","2.6","null","null","11.4","null","2.3","null","7.2","2.2","null","null","9.4","null","2.0","null","4.1","1.4","null","null","2.8","1.1","null","null","32424","5167","null","null","53861","4395","null","null","45.0","(X)","(X)","null","(X)","(X)","(X)","(X)","(X)","(X)","(X)","(X)","5656","null","517","null","12.3","null","4.2","null","4.5","null","2.2","null","11.5","null","4.5","null","10.0","null","3.2","null","13.1","null","3.5","null","13.8","null","4.0","null","10.3","3.8","null","null","14.5","3.6","null","null","6.3","2.6","null","null","3.8","1.9","null","null","48566","5053","null","null","70855","8106","null","null","(X)","(X)","(X)","(X)","51.2","(X)","(X)","null","(X)","(X)","(X)","(X)","2208","369","null","null","2.9","null","2.1","null","4.7","4.2","null","null","9.6","8.3","null","null","7.0","null","4.1","null","11.9","null","4.5","null","16.2","7.0","null","null","8.4","4.3","null","null","16.9","5.4","null","null","14.9","5.9","null","null","7.5","null","4.5","null","71198","null","20443","null","N","N","N","N","(X)","(X)","(X)","(X)","(X)","(X)","(X)","(X)","(X)","(X)","(X)","(X)","6082","null","597","null","29.5","null","5.0","null","16.9","null","3.6","null","12.6","null","3.8","null","5.1","null","2.0","null","14.9","null","4.2","null","9.2","null","2.7","null","3.6","null","1.5","null","5.1","1.7","null","null","1.4","null","0.8","null","1.6","1.2","null","null","18548","5080","null","null","36077","null","4370","null","(X)","(X)","(X)","(X)","(X)","(X)","(X)","(X)","39.0","null","(X)","(X)",
"8600000US02120","ZCTA5 02120","4973","null","401","null","15.6","3.9","null","null","8.8","null","3.1","null","9.0","null","2.6","null","7.5","null","3.2","null","11.3","2.8","null","null","17.2","null","5.4","null","10.8","3.2","null","null","11.0","null","3.6","null","6.6","2.1","null","null","2.1","1.1","null","null","46843","6258","null","null","61500","5045","null","null","47.7","(X)","(X)","null","(X)","(X)","(X)","(X)","(X)","(X)","(X)","(X)","1941","null","282","null","8.4","null","4.1","null","12.3","null","7.2","null","10.1","null","4.0","null","8.6","null","4.0","null","13.3","null","5.3","null","18.4","null","6.3","null","9.9","4.4","null","null","10.0","4.5","null","null","6.4","3.8","null","null","2.6","2.0","null","null","47949","6829","null","null","61898","8673","null","null","(X)","(X)","(X)","(X)","45.3","(X)","(X)","null","(X)","(X)","(X)","(X)","690","159","null","null","1.7","null","2.9","null","2.5","3.5","null","null","11.4","9.1","null","null","7.8","null","5.6","null","8.1","null","5.1","null","19.6","10.9","null","null","11.9","7.5","null","null","18.0","9.1","null","null","12.6","9.0","null","null","6.4","null","5.4","null","66944","null","22800","null","N","N","N","N","(X)","(X)","(X)","(X)","(X)","(X)","(X)","(X)","(X)","(X)","(X)","(X)","3032","null","331","null","20.4","null","5.6","null","9.5","null","4.4","null","8.3","null","3.3","null","6.9","null","4.5","null","10.0","null","3.4","null","15.9","null","6.2","null","9.1","null","4.1","null","11.3","4.7","null","null","6.7","null","2.8","null","1.8","1.2","null","null","41115","8605","null","null","58824","null","7116","null","(X)","(X)","(X)","(X)","(X)","(X)","(X)","(X)","49.3","null","(X)","(X)",
"8600000US02121","ZCTA5 02121","10740","null","739","null","14.4","3.4","null","null","9.1","null","2.1","null","13.2","null","3.3","null","12.7","null","2.7","null","7.8","2.3","null","null","13.4","null","2.6","null","7.6","1.9","null","null","11.2","null","3.0","null","4.5","2.0","null","null","6.1","3.1","null","null","36479","5913","null","null","64890","7553","null","null","51.8","(X)","(X)","null","(X)","(X)","(X)","(X)","(X)","(X)","(X)","(X)","6651","null","655","null","11.8","null","4.4","null","5.7","null","2.3","null","13.8","null","4.0","null","12.0","null","3.5","null","9.6","null","3.1","null","13.2","null","3.4","null","11.1","3.7","null","null","10.9","3.3","null","null","4.4","2.1","null","null","7.5","4.5","null","null","45596","9739","null","null","69228","8860","null","null","(X)","(X)","(X)","(X)","58.2","(X)","(X)","null","(X)","(X)","(X)","(X)","2290","487","null","null","11.7","null","11.8","null","1.5","1.5","null","null","8.7","6.7","null","null","6.8","null","3.9","null","6.1","null","4.5","null","13.0","5.8","null","null","13.4","7.9","null","null","15.0","6.8","null","null","5.5","4.2","null","null","18.3","null","11.6","null","82681","null","31517","null","N","N","N","N","(X)","(X)","(X)","(X)","(X)","(X)","(X)","(X)","(X)","(X)","(X)","(X)","4089","null","469","null","18.8","null","4.6","null","14.7","null","4.3","null","13.3","null","5.2","null","14.4","null","4.5","null","5.2","null","2.8","null","14.3","null","4.7","null","5.2","null","2.6","null","8.1","3.5","null","null","2.5","null","2.8","null","3.5","3.4","null","null","27709","4499","null","null","52677","null","13402","null","(X)","(X)","(X)","(X)","(X)","(X)","(X)","(X)","41.0","null","(X)","(X)",
"8600000US02122","ZCTA5 02122","8656","null","587","null","4.1","1.4","null","null","8.0","null","3.2","null","10.6","null","3.1","null","6.3","null","1.8","null","8.2","2.4","null","null","13.9","null","3.3","null","14.7","3.4","null","null","16.2","null","3.6","null","9.9","2.6","null","null","8.2","2.2","null","null","72158","12505","null","null","91440","8218","null","null","43.3","(X)","(X)","null","(X)","(X)","(X)","(X)","(X)","(X)","(X)","(X)","5006","null","452","null","2.4","null","1.4","null","5.2","null","2.3","null","8.7","null","3.1","null","9.0","null","2.9","null","11.0","null","4.0","null","14.3","null","4.2","null","15.9","4.8","null","null","16.4","3.8","null","null","9.4","3.5","null","null","7.7","2.6","null","null","73529","16627","null","null","94983","10893","null","null","(X)","(X)","(X)","(X)","50.4","(X)","(X)","null","(X)","(X)","(X)","(X)","2550","378","null","null","0.2","null","0.3","null","5.5","3.5","null","null","6.4","4.3","null","null","5.9","null","3.9","null","8.6","null","5.4","null","12.9","5.3","null","null","17.5","5.6","null","null","18.7","6.0","null","null","11.7","5.2","null","null","12.5","null","4.2","null","93078","null","11258","null","118967","19896","null","null","(X)","(X)","(X)","(X)","(X)","(X)","(X)","(X)","(X)","(X)","(X)","(X)","3650","null","514","null","7.8","null","2.9","null","12.6","null","6.7","null","15.5","null","6.3","null","5.6","null","2.4","null","9.1","null","4.2","null","8.3","null","3.6","null","10.2","null","3.2","null","15.1","5.4","null","null","8.7","null","3.2","null","7.3","3.4","null","null","49150","15487","null","null","75890","null","11894","null","(X)","(X)","(X)","(X)","(X)","(X)","(X)","(X)","28.8","null","(X)","(X)",
"8600000US02124","ZCTA5 02124","19555","null","831","null","9.9","2.1","null","null","6.7","null","2.0","null","9.8","null","1.8","null","8.7","null","1.7","null","9.3","1.7","null","null","12.0","null","2.2","null","11.8","2.0","null","null","15.9","null","2.2","null","8.2","1.8","null","null","7.7","1.6","null","null","63118","4435","null","null","84106","4621","null","null","41.6","(X)","(X)","null","(X)","(X)","(X)","(X)","(X)","(X)","(X)","(X)","13245","null","694","null","7.4","null","2.1","null","3.9","null","1.2","null","9.0","null","1.8","null","8.2","null","2.1","null","9.6","null","2.2","null","12.3","null","2.4","null","13.8","2.4","null","null","18.3","3.0","null","null","9.9","2.6","null","null","7.6","1.6","null","null","73809","7545","null","null","89483","4381","null","null","(X)","(X)","(X)","(X)","44.6","(X)","(X)","null","(X)","(X)","(X)","(X)","5954","590","null","null","3.0","null","2.2","null","1.6","1.0","null","null","2.6","1.5","null","null","6.7","null","2.6","null","6.7","null","2.8","null","6.9","2.8","null","null","16.1","3.8","null","null","24.7","4.0","null","null","17.4","5.1","null","null","14.3","null","3.0","null","119167","null","11338","null","N","N","N","N","(X)","(X)","(X)","(X)","(X)","(X)","(X)","(X)","(X)","(X)","(X)","(X)","6310","null","644","null","15.5","null","4.3","null","12.9","null","5.5","null","11.7","null","3.9","null","10.6","null","3.2","null","10.4","null","3.8","null","11.4","null","3.7","null","8.6","null","3.1","null","10.0","2.7","null","null","4.3","null","2.3","null","4.6","2.1","null","null","34208","6193","null","null","63219","null","9140","null","(X)","(X)","(X)","(X)","(X)","(X)","(X)","(X)","32.4","null","(X)","(X)",
"8600000US02125","ZCTA5 02125","13063","null","506","null","11.0","2.0","null","null","8.4","null","1.8","null","10.7","null","1.8","null","6.1","null","1.2","null","9.3","1.8","null","null","11.6","null","2.1","null","9.9","2.1","null","null","14.8","null","2.1","null","9.6","1.6","null","null","8.6","1.5","null","null","60862","7336","null","null","86598","5891","null","null","43.5","(X)","(X)","null","(X)","(X)","(X)","(X)","(X)","(X)","(X)","(X)","6784","null","432","null","6.1","null","2.4","null","7.1","null","2.6","null","10.4","null","2.7","null","5.7","null","1.8","null","10.9","null","2.7","null","13.4","null","2.7","null","13.6","3.6","null","null","15.2","2.9","null","null","8.4","2.2","null","null","9.1","2.2","null","null","66626","7518","null","null","91790","7778","null","null","(X)","(X)","(X)","(X)","48.4","(X)","(X)","null","(X)","(X)","(X)","(X)","3483","401","null","null","4.9","null","3.2","null","4.0","3.2","null","null","4.9","2.0","null","null","4.2","null","2.0","null","9.4","null","4.4","null","10.8","3.5","null","null","17.1","5.7","null","null","21.0","4.8","null","null","11.2","3.3","null","null","12.6","null","3.5","null","87247","null","15909","null","N","N","N","N","(X)","(X)","(X)","(X)","(X)","(X)","(X)","(X)","(X)","(X)","(X)","(X)","6279","null","416","null","17.3","null","3.5","null","10.0","null","2.5","null","10.4","null","3.0","null","6.3","null","1.9","null","7.8","null","2.3","null","10.3","null","2.8","null","6.3","null","1.9","null","13.4","3.2","null","null","10.3","null","2.6","null","7.9","2.1","null","null","44424","9984","null","null","78687","null","7842","null","(X)","(X)","(X)","(X)","(X)","(X)","(X)","(X)","36.5","null","(X)","(X)",
"8600000US02126","ZCTA5 02126","9968","null","589","null","9.2","2.4","null","null","5.9","null","2.4","null","9.2","null","2.6","null","9.9","null","2.8","null","12.4","3.6","null","null","13.7","null","3.1","null","14.7","3.2","null","null","14.1","null","2.7","null","5.2","1.8","null","null","5.7","2.2","null","null","55126","6909","null","null","82219","11246","null","null","45.8","(X)","(X)","null","(X)","(X)","(X)","(X)","(X)","(X)","(X)","(X)","7105","null","581","null","5.9","null","2.4","null","3.1","null","1.9","null","8.5","null","2.9","null","11.9","null","4.0","null","12.1","null","3.9","null","15.7","null","4.0","null","12.2","3.4","null","null","19.7","4.4","null","null","5.3","2.2","null","null","5.5","2.3","null","null","62200","6993","null","null","91504","15379","null","null","(X)","(X)","(X)","(X)","51.0","(X)","(X)","null","(X)","(X)","(X)","(X)","2853","393","null","null","2.3","null","2.8","null","0.9","1.4","null","null","6.0","3.8","null","null","10.0","null","5.0","null","5.2","null","3.9","null","9.7","3.9","null","null","17.5","6.4","null","null","31.2","7.2","null","null","9.8","5.0","null","null","7.4","null","3.3","null","97577","null","10971","null","N","N","N","N","(X)","(X)","(X)","(X)","(X)","(X)","(X)","(X)","(X)","(X)","(X)","(X)","2863","null","417","null","19.0","null","6.0","null","12.4","null","6.5","null","11.5","null","5.0","null","6.5","null","3.5","null","15.0","null","6.0","null","12.2","null","5.0","null","17.5","null","6.3","null","3.5","2.5","null","null","0.4","null","0.7","null","2.1","2.0","null","null","35599","12845","null","null","46329","null","7410","null","(X)","(X)","(X)","(X)","(X)","(X)","(X)","(X)","31.5","null","(X)","(X)",
"8600000US02127","ZCTA5 02127","17109","null","649","null","7.0","1.2","null","null","4.8","null","1.4","null","6.3","null","1.8","null","3.3","null","0.9","null","5.4","1.3","null","null","6.8","null","1.4","null","8.9","1.6","null","null","16.8","null","2.5","null","15.6","2.0","null","null","25.2","3.0","null","null","122599","7879","null","null","146037","7203","null","null","36.3","(X)","(X)","null","(X)","(X)","(X)","(X)","(X)","(X)","(X)","(X)","6570","null","530","null","7.5","null","2.3","null","5.9","null","3.3","null","4.3","null","1.5","null","4.4","null","1.6","null","6.0","null","2.0","null","6.6","null","1.9","null","4.6","1.7","null","null","16.0","3.6","null","null","15.5","3.2","null","null","29.3","5.3","null","null","134878","17071","null","null","159348","14512","null","null","(X)","(X)","(X)","(X)","36.3","(X)","(X)","null","(X)","(X)","(X)","(X)","4468","546","null","null","2.4","null","1.9","null","2.6","3.7","null","null","1.4","0.9","null","null","1.5","null","1.2","null","3.9","null","1.9","null","5.9","2.3","null","null","4.0","2.1","null","null","17.3","5.0","null","null","20.1","4.8","null","null","41.0","null","6.9","null","174444","null","17514","null","N","N","N","N","(X)","(X)","(X)","(X)","(X)","(X)","(X)","(X)","(X)","(X)","(X)","(X)","10539","null","588","null","6.9","null","1.6","null","4.0","null","1.2","null","7.4","null","2.8","null","2.7","null","1.2","null","5.0","null","1.8","null","7.4","null","2.0","null","11.7","null","2.6","null","17.6","2.8","null","null","15.2","null","2.6","null","22.1","3.7","null","null","116067","13549","null","null","135789","null","9807","null","(X)","(X)","(X)","(X)","(X)","(X)","(X)","(X)","36.0","null","(X)","(X)",
"8600000US02128","ZCTA5 02128","17123","null","701","null","7.3","2.0","null","null","5.1","null","1.6","null","7.8","null","1.4","null","6.0","null","1.4","null","11.9","2.0","null","null","18.9","null","2.7","null","12.2","2.2","null","null","14.2","null","1.7","null","8.6","1.5","null","null","8.1","1.5","null","null","63378","4325","null","null","87285","4523","null","null","53.4","(X)","(X)","null","(X)","(X)","(X)","(X)","(X)","(X)","(X)","(X)","9221","null","469","null","4.4","null","1.9","null","1.6","null","0.9","null","9.7","null","2.4","null","8.5","null","2.3","null","18.0","null","3.3","null","16.9","null","3.1","null","11.6","3.0","null","null","13.4","2.6","null","null","7.8","1.7","null","null","8.2","1.8","null","null","60562","5737","null","null","88937","6369","null","null","(X)","(X)","(X)","(X)","55.4","(X)","(X)","null","(X)","(X)","(X)","(X)","4733","434","null","null","0.7","null","0.7","null","0.0","0.8","null","null","5.0","2.4","null","null","5.4","null","2.6","null","15.0","null","4.0","null","18.6","4.4","null","null","13.5","4.1","null","null","14.8","3.4","null","null","12.4","2.8","null","null","14.6","null","3.6","null","85157","null","4995","null","N","N","N","N","(X)","(X)","(X)","(X)","(X)","(X)","(X)","(X)","(X)","(X)","(X)","(X)","7902","null","672","null","13.4","null","3.9","null","9.9","null","3.3","null","8.4","null","2.0","null","6.1","null","2.3","null","8.9","null","2.5","null","16.4","null","4.3","null","11.0","null","2.8","null","12.8","2.5","null","null","7.5","null","2.4","null","5.6","2.4","null","null","51282","2089","null","null","71502","null","6722","null","(X)","(X)","(X)","(X)","(X)","(X)","(X)","(X)","45.0","null","(X)","(X)",
"8600000US02129","ZCTA5 02129","9390","null","437","null","5.3","1.8","null","null","5.3","null","2.0","null","6.9","null","2.5","null","4.1","null","1.4","null","4.2","1.5","null","null","7.0","null","1.8","null","7.6","1.9","null","null","16.7","null","2.3","null","14.2","2.2","null","null","28.7","3.1","null","null","131064","9096","null","null","166500","11677","null","null","29.6","(X)","(X)","null","(X)","(X)","(X)","(X)","(X)","(X)","(X)","(X)","4587","null","362","null","5.4","null","2.8","null","4.3","null","2.0","null","2.2","null","1.4","null","5.2","null","2.4","null","4.2","null","2.1","null","5.0","null","2.3","null","4.8","2.4","null","null","15.0","3.5","null","null","15.6","3.5","null","null","38.3","4.2","null","null","159215","9276","null","null","204229","16120","null","null","(X)","(X)","(X)","(X)","33.3","(X)","(X)","null","(X)","(X)","(X)","(X)","3371","314","null","null","1.3","null","1.1","null","1.1","0.9","null","null","1.1","1.1","null","null","3.2","null","2.1","null","1.3","null","1.3","null","4.7","2.6","null","null","1.9","1.5","null","null","15.9","4.5","null","null","19.4","4.8","null","null","50.1","null","4.8","null","200257","null","14425","null","N","N","N","N","(X)","(X)","(X)","(X)","(X)","(X)","(X)","(X)","(X)","(X)","(X)","(X)","4803","null","437","null","6.2","null","2.3","null","6.4","null","3.8","null","11.1","null","4.5","null","3.1","null","1.3","null","4.9","null","2.2","null","8.1","null","2.8","null","10.8","null","2.7","null","18.2","3.4","null","null","11.7","null","3.0","null","19.4","4.3","null","null","98750","11690","null","null","127663","null","13605","null","(X)","(X)","(X)","(X)","(X)","(X)","(X)","(X)","24.7","null","(X)","(X)",
"8600000US02130","ZCTA5 02130","17680","null","822","null","6.0","1.5","null","null","3.7","null","1.2","null","5.1","null","1.2","null","3.2","null","0.8","null","6.2","2.0","null","null","11.2","null","1.6","null","12.9","2.2","null","null","20.2","null","2.6","null","9.9","1.8","null","null","21.5","2.3","null","null","102088","4162","null","null","130698","6069","null","null","40.8","(X)","(X)","null","(X)","(X)","(X)","(X)","(X)","(X)","(X)","(X)","8253","null","620","null","3.0","null","1.3","null","1.4","null","0.9","null","4.1","null","1.7","null","3.6","null","1.2","null","6.3","null","4.4","null","6.0","null","1.5","null","10.7","2.4","null","null","23.5","4.0","null","null","12.3","2.7","null","null","29.2","3.6","null","null","125193","9653","null","null","161106","10264","null","null","(X)","(X)","(X)","(X)","40.8","(X)","(X)","null","(X)","(X)","(X)","(X)","5987","586","null","null","0.5","null","0.5","null","0.0","0.7","null","null","1.6","1.0","null","null","2.2","null","1.3","null","6.1","null","5.6","null","4.1","1.5","null","null","9.4","2.5","null","null","23.3","4.2","null","null","15.2","3.5","null","null","37.7","null","4.7","null","159094","null","12641","null","N","N","N","N","(X)","(X)","(X)","(X)","(X)","(X)","(X)","(X)","(X)","(X)","(X)","(X)","9427","null","632","null","8.7","null","2.8","null","5.7","null","2.0","null","6.5","null","1.8","null","3.2","null","1.2","null","6.2","null","1.6","null","14.9","null","2.4","null","15.3","null","3.1","null","17.9","2.9","null","null","7.5","null","2.0","null","13.9","3.2","null","null","81256","6454","null","null","100243","null","7557","null","(X)","(X)","(X)","(X)","(X)","(X)","(X)","(X)","39.7","null","(X)","(X)",
"8600000US02131","ZCTA5 02131","12625","null","495","null","3.7","1.1","null","null","5.5","null","1.6","null","6.4","null","1.5","null","5.8","null","1.4","null","9.0","1.9","null","null","14.3","null","2.2","null","12.4","2.2","null","null","18.3","null","2.1","null","13.8","2.5","null","null","10.9","2.0","null","null","87083","6309","null","null","106423","6422","null","null","43.5","(X)","(X)","null","(X)","(X)","(X)","(X)","(X)","(X)","(X)","(X)","8163","null","528","null","2.7","null","1.2","null","1.8","null","1.2","null","5.4","null","1.7","null","5.4","null","1.7","null","8.0","null","2.2","null","14.5","null","2.8","null","13.1","2.9","null","null","19.3","2.8","null","null","17.0","3.9","null","null","12.7","2.5","null","null","96406","11802","null","null","120384","7922","null","null","(X)","(X)","(X)","(X)","45.2","(X)","(X)","null","(X)","(X)","(X)","(X)","5148","408","null","null","0.2","null","0.3","null","0.5","0.5","null","null","2.3","1.2","null","null","3.2","null","2.0","null","5.5","null","2.6","null","12.4","3.2","null","null","11.2","3.6","null","null","23.6","3.7","null","null","21.5","4.9","null","null","19.6","null","4.2","null","133724","null","6965","null","N","N","N","N","(X)","(X)","(X)","(X)","(X)","(X)","(X)","(X)","(X)","(X)","(X)","(X)","4462","null","386","null","5.8","null","2.1","null","12.0","null","3.6","null","8.8","null","2.8","null","8.5","null","2.5","null","11.7","null","3.5","null","14.9","null","3.7","null","11.8","null","3.4","null","14.6","3.8","null","null","7.6","null","3.2","null","4.2","2.2","null","null","55109","9687","null","null","72874","null","8131","null","(X)","(X)","(X)","(X)","(X)","(X)","(X)","(X)","37.0","null","(X)","(X)",
"8600000US02132","ZCTA5 02132","11454","null","652","null","3.1","1.7","null","null","4.1","null","1.5","null","5.3","null","1.5","null","4.6","null","1.5","null","5.9","1.9","null","null","11.9","null","2.3","null","7.4","1.6","null","null","21.8","null","3.0","null","15.9","3.8","null","null","19.9","2.8","null","null","117083","13863","null","null","134479","8008","null","null","36.0","(X)","(X)","null","(X)","(X)","(X)","(X)","(X)","(X)","(X)","(X)","7219","null","643","null","0.8","null","0.5","null","0.7","null","0.6","null","1.5","null","0.8","null","3.5","null","1.8","null","3.3","null","1.9","null","10.5","null","2.9","null","7.3","2.0","null","null","23.0","3.4","null","null","19.7","5.8","null","null","29.8","4.5","null","null","146992","16441","null","null","169641","9806","null","null","(X)","(X)","(X)","(X)","37.1","(X)","(X)","null","(X)","(X)","(X)","(X)","5846","498","null","null","0.4","null","0.4","null","0.2","0.3","null","null","1.6","0.9","null","null","3.0","null","2.1","null","3.1","null","2.0","null","8.1","3.0","null","null","7.4","2.3","null","null","23.3","3.6","null","null","17.1","3.3","null","null","35.8","null","4.7","null","159897","null","11946","null","N","N","N","N","(X)","(X)","(X)","(X)","(X)","(X)","(X)","(X)","(X)","(X)","(X)","(X)","4235","null","453","null","7.1","null","4.1","null","10.0","null","4.0","null","12.0","null","3.7","null","7.0","null","2.5","null","10.9","null","3.7","null","14.7","null","4.2","null","9.1","null","3.0","null","19.1","4.7","null","null","7.4","null","3.7","null","2.8","1.4","null","null","56208","12154","null","null","70677","null","7852","null","(X)","(X)","(X)","(X)","(X)","(X)","(X)","(X)","32.2","null","(X)","(X)",
"8600000US02134","ZCTA5 02134","8308","null","418","null","10.1","1.9","null","null","2.7","null","1.2","null","8.5","null","2.2","null","6.0","null","1.5","null","12.2","3.6","null","null","14.7","null","3.5","null","14.0","3.1","null","null","16.3","null","2.5","null","8.4","1.7","null","null","7.1","1.9","null","null","66095","5497","null","null","84615","4791","null","null","36.9","(X)","(X)","null","(X)","(X)","(X)","(X)","(X)","(X)","(X)","(X)","2471","null","395","null","3.3","null","3.1","null","0.8","null","1.3","null","8.6","null","3.9","null","4.7","null","2.8","null","12.5","null","8.7","null","17.0","null","6.8","null","13.1","5.9","null","null","22.8","6.3","null","null","9.3","3.9","null","null","8.0","3.6","null","null","84975","24648","null","null","98471","11297","null","null","(X)","(X)","(X)","(X)","40.7","(X)","(X)","null","(X)","(X)","(X)","(X)","1643","299","null","null","4.1","null","4.8","null","1.2","2.0","null","null","7.2","4.8","null","null","5.9","null","4.0","null","8.8","null","8.4","null","9.1","5.7","null","null","10.5","5.7","null","null","30.4","8.3","null","null","11.2","5.6","null","null","11.5","null","4.9","null","108466","null","17825","null","N","N","N","N","(X)","(X)","(X)","(X)","(X)","(X)","(X)","(X)","(X)","(X)","(X)","(X)","5837","null","426","null","13.0","null","2.5","null","3.5","null","1.5","null","8.6","null","2.8","null","6.5","null","1.9","null","12.5","null","3.5","null","13.6","null","3.5","null","14.4","null","3.8","null","14.5","3.2","null","null","7.6","null","2.4","null","5.9","2.2","null","null","57589","6714","null","null","77261","null","5476","null","(X)","(X)","(X)","(X)","(X)","(X)","(X)","(X)","35.3","null","(X)","(X)",
"8600000US02135","ZCTA5 02135","19739","null","825","null","8.0","1.9","null","null","4.8","null","1.1","null","6.1","null","1.3","null","4.5","null","1.0","null","6.9","1.4","null","null","14.3","null","1.8","null","12.6","1.7","null","null","25.6","null","2.4","null","11.0","1.5","null","null","6.2","1.1","null","null","83383","4776","null","null","97365","5887","null","null","42.0","(X)","(X)","null","(X)","(X)","(X)","(X)","(X)","(X)","(X)","(X)","6500","null","619","null","2.8","null","1.3","null","1.9","null","1.2","null","6.7","null","2.1","null","3.5","null","1.4","null","5.1","null","1.9","null","14.4","null","3.0","null","13.1","3.1","null","null","28.6","3.7","null","null","16.0","3.8","null","null","7.9","2.6","null","null","101540","3098","null","null","121557","15761","null","null","(X)","(X)","(X)","(X)","38.1","(X)","(X)","null","(X)","(X)","(X)","(X)","5115","537","null","null","2.6","null","1.7","null","1.9","1.4","null","null","5.5","2.3","null","null","2.0","null","1.1","null","4.2","null","1.8","null","13.2","3.5","null","null","13.6","3.8","null","null","28.7","4.0","null","null","18.9","4.7","null","null","9.4","null","3.2","null","110015","null","8840","null","N","N","N","N","(X)","(X)","(X)","(X)","(X)","(X)","(X)","(X)","(X)","(X)","(X)","(X)","13239","null","711","null","10.5","null","2.7","null","6.2","null","1.7","null","5.8","null","1.6","null","5.0","null","1.3","null","8.1","null","1.9","null","14.6","null","2.2","null","13.1","null","2.1","null","23.5","3.2","null","null","8.1","null","1.6","null","5.1","1.2","null","null","74694","3686","null","null","84349","null","4193","null","(X)","(X)","(X)","(X)","(X)","(X)","(X)","(X)","43.2","null","(X)","(X)",
"8600000US02136","ZCTA5 02136","12242","null","686","null","6.9","1.9","null","null","4.9","null","2.0","null","6.9","null","2.6","null","5.8","null","1.6","null","9.8","2.3","null","null","13.8","null","2.5","null","16.3","3.8","null","null","17.8","null","2.8","null","10.0","2.1","null","null","7.8","1.9","null","null","76704","7152","null","null","94138","7332","null","null","48.3","(X)","(X)","null","(X)","(X)","(X)","(X)","(X)","(X)","(X)","(X)","8646","null","665","null","4.1","null","1.6","null","3.1","null","2.3","null","6.2","null","3.1","null","5.0","null","1.9","null","9.0","null","2.8","null","16.7","null","3.4","null","13.1","3.0","null","null","21.0","3.7","null","null","12.6","3.0","null","null","9.1","2.3","null","null","84080","9390","null","null","106286","9323","null","null","(X)","(X)","(X)","(X)","53.4","(X)","(X)","null","(X)","(X)","(X)","(X)","4654","470","null","null","1.0","null","1.4","null","0.3","0.3","null","null","2.9","2.2","null","null","1.5","null","1.5","null","4.6","null","2.6","null","15.1","4.2","null","null","15.8","4.1","null","null","24.0","4.6","null","null","19.4","4.6","null","null","15.4","null","3.6","null","115880","null","8089","null","N","N","N","N","(X)","(X)","(X)","(X)","(X)","(X)","(X)","(X)","(X)","(X)","(X)","(X)","3596","null","579","null","15.0","null","5.1","null","9.1","null","3.5","null","9.1","null","3.9","null","8.5","null","3.4","null","14.2","null","5.5","null","13.9","null","5.1","null","20.0","null","9.6","null","5.9","2.2","null","null","1.6","null","1.2","null","2.4","2.0","null","null","44333","9144","null","null","54291","null","7289","null","(X)","(X)","(X)","(X)","(X)","(X)","(X)","(X)","33.1","null","(X)","(X)",
"8600000US02151","ZCTA5 02151","18571","null","672","null","7.6","1.7","null","null","6.5","null","1.6","null","8.3","null","1.3","null","6.9","null","1.3","null","11.6","1.9","null","null","13.6","null","2.0","null","13.2","2.0","null","null","18.7","null","2.4","null","7.8","1.7","null","null","5.9","1.4","null","null","68199","6473","null","null","82932","4585","null","null","51.0","(X)","(X)","null","(X)","(X)","(X)","(X)","(X)","(X)","(X)","(X)","11561","null","458","null","4.6","null","1.8","null","2.9","null","1.3","null","4.9","null","1.5","null","7.5","null","2.3","null","12.5","null","2.5","null","14.2","null","2.4","null","13.6","2.6","null","null","22.8","3.2","null","null","9.7","2.3","null","null","7.1","1.9","null","null","80563","6257","null","null","94710","5688","null","null","(X)","(X)","(X)","(X)","54.2","(X)","(X)","null","(X)","(X)","(X)","(X)","7659","475","null","null","1.2","null","1.0","null","1.0","1.0","null","null","3.6","1.8","null","null","7.6","null","2.4","null","12.0","null","3.1","null","11.2","2.7","null","null","16.2","3.1","null","null","27.4","4.3","null","null","10.3","2.6","null","null","9.5","null","2.7","null","97266","null","6559","null","108279","6937","null","null","(X)","(X)","(X)","(X)","(X)","(X)","(X)","(X)","(X)","(X)","(X)","(X)","7010","null","662","null","14.9","null","4.0","null","12.2","null","3.5","null","14.1","null","3.0","null","7.2","null","1.9","null","10.9","null","2.9","null","14.9","null","3.8","null","9.7","null","3.2","null","10.2","3.5","null","null","3.9","null","2.5","null","2.0","1.3","null","null","36744","6905","null","null","53792","null","6021","null","(X)","(X)","(X)","(X)","(X)","(X)","(X)","(X)","39.7","null","(X)","(X)",
"8600000US02163","ZCTA5 02163","473","null","74","null","22.4","10.0","null","null","3.8","null","3.3","null","11.6","null","8.1","null","4.0","null","3.9","null","4.2","3.4","null","null","16.7","null","7.0","null","12.9","8.2","null","null","14.4","null","8.0","null","1.7","1.9","null","null","8.2","7.2","null","null","57989","19891","null","null","71193","19994","null","null","23.7","(X)","(X)","null","(X)","(X)","(X)","(X)","(X)","(X)","(X)","(X)","85","null","41","null","22.4","null","27.0","null","5.9","null","8.9","null","14.1","null","16.6","null","0.0","null","35.4","null","5.9","null","8.7","null","31.8","null","24.1","null","0.0","35.4","null","null","8.2","12.9","null","null","5.9","8.7","null","null","5.9","10.2","null","null","-","**","**","-","57235","31897","null","null","(X)","(X)","(X)","(X)","23.5","(X)","(X)","null","(X)","(X)","(X)","(X)","85","41","null","null","22.4","null","27.0","null","5.9","8.9","null","null","14.1","16.6","null","null","0.0","null","35.4","null","5.9","null","8.7","null","31.8","24.1","null","null","0.0","35.4","null","null","8.2","12.9","null","null","5.9","8.7","null","null","5.9","null","10.2","null","-","-","**","**","N","N","N","N","(X)","(X)","(X)","(X)","(X)","(X)","(X)","(X)","(X)","(X)","(X)","(X)","388","null","70","null","22.4","null","11.2","null","3.4","null","3.5","null","11.1","null","9.3","null","4.9","null","5.0","null","3.9","null","3.6","null","13.4","null","7.1","null","15.7","null","10.2","null","15.7","9.1","null","null","0.8","null","1.3","null","8.8","8.2","null","null","58587","20020","null","null","74251","null","22692","null","(X)","(X)","(X)","(X)","(X)","(X)","(X)","(X)","23.7","null","(X)","(X)",
"8600000US02199","ZCTA5 02199","914","null","176","null","17.0","11.5","null","null","4.6","null","5.5","null","3.5","null","5.4","null","8.8","null","7.6","null","1.1","1.8","null","null","5.9","null","5.4","null","8.8","7.2","null","null","5.5","null","4.5","null","7.2","5.3","null","null","37.7","12.2","null","null","106250","89655","null","null","193135","57754","null","null","19.7","(X)","(X)","null","(X)","(X)","(X)","(X)","(X)","(X)","(X)","(X)","381","null","125","null","14.2","null","20.2","null","8.4","null","12.7","null","0.0","null","10.0","null","3.7","null","5.8","null","0.0","null","10.0","null","2.6","null","4.3","null","6.3","8.6","null","null","7.3","9.6","null","null","7.1","7.9","null","null","50.4","21.9","null","null","250,000+","***","***","250,000+","275335","123941","null","null","(X)","(X)","(X)","(X)","26.5","(X)","(X)","null","(X)","(X)","(X)","(X)","295","105","null","null","0.0","null","12.7","null","0.0","12.7","null","null","0.0","12.7","null","null","4.7","null","7.3","null","0.0","null","12.7","null","3.4","5.5","null","null","8.1","10.5","null","null","9.5","12.5","null","null","9.2","10.0","null","null","65.1","null","21.6","null","250,000+","250,000+","***","***","N","N","N","N","(X)","(X)","(X)","(X)","(X)","(X)","(X)","(X)","(X)","(X)","(X)","(X)","533","null","159","null","18.9","null","14.6","null","1.9","null","2.9","null","6.0","null","9.2","null","12.4","null","12.4","null","1.9","null","3.2","null","8.3","null","8.4","null","10.5","null","10.5","null","4.1","4.7","null","null","7.3","null","7.2","null","28.7","14.2","null","null","77765","47712","null","null","134376","null","45808","null","(X)","(X)","(X)","(X)","(X)","(X)","(X)","(X)","14.8","null","(X)","(X)",
"8600000US02203","ZCTA5 02203","24","null","21","null","0.0","67.2","null","null","100.0","null","67.2","null","0.0","null","67.2","null","0.0","null","67.2","null","0.0","67.2","null","null","0.0","null","67.2","null","0.0","67.2","null","null","0.0","null","67.2","null","0.0","67.2","null","null","0.0","67.2","null","null","-","**","**","-","N","N","N","N","45.8","(X)","(X)","null","(X)","(X)","(X)","(X)","(X)","(X)","(X)","(X)","0","null","13","null","-","-","**","**","-","-","**","**","-","-","**","**","-","-","**","**","-","-","**","**","-","-","**","**","-","**","**","-","-","**","**","-","-","**","**","-","-","**","**","-","-","**","**","-","-","**","**","-","(X)","(X)","(X)","(X)","-","(X)","(X)","-","(X)","(X)","(X)","(X)","0","13","null","null","-","-","**","**","-","**","**","-","-","**","**","-","-","-","**","**","-","-","**","**","-","**","**","-","-","**","**","-","-","**","**","-","-","**","**","-","-","-","**","**","-","-","**","**","-","**","**","-","(X)","(X)","(X)","(X)","(X)","(X)","(X)","(X)","(X)","(X)","(X)","(X)","24","null","21","null","0.0","null","67.2","null","100.0","null","67.2","null","0.0","null","67.2","null","0.0","null","67.2","null","0.0","null","67.2","null","0.0","null","67.2","null","0.0","null","67.2","null","0.0","67.2","null","null","0.0","null","67.2","null","0.0","67.2","null","null","-","**","**","-","N","N","N","N","(X)","(X)","(X)","(X)","(X)","(X)","(X)","(X)","45.8","null","(X)","(X)",
"8600000US02210","ZCTA5 02210","2711","null","332","null","1.4","1.3","null","null","1.5","null","1.3","null","2.4","null","2.2","null","1.5","null","1.3","null","4.6","3.2","null","null","5.6","null","2.8","null","9.7","4.9","null","null","18.1","null","7.6","null","14.8","4.1","null","null","40.4","5.5","null","null","170920","22787","null","null","239943","32724","null","null","20.7","(X)","(X)","null","(X)","(X)","(X)","(X)","(X)","(X)","(X)","(X)","841","null","182","null","0.0","null","4.6","null","0.0","null","4.6","null","0.0","null","4.6","null","0.0","null","4.6","null","3.4","null","5.1","null","6.5","null","5.9","null","4.0","4.9","null","null","12.5","9.8","null","null","23.4","10.9","null","null","50.1","11.6","null","null","210250","79582","null","null","273221","44999","null","null","(X)","(X)","(X)","(X)","32.0","(X)","(X)","null","(X)","(X)","(X)","(X)","770","179","null","null","0.0","null","5.1","null","0.0","5.1","null","null","0.0","5.1","null","null","0.0","null","5.1","null","3.8","null","5.6","null","1.0","1.6","null","null","4.4","5.4","null","null","13.6","10.6","null","null","25.6","11.7","null","null","51.6","null","12.2","null","230750","null","89711","null","N","N","N","N","(X)","(X)","(X)","(X)","(X)","(X)","(X)","(X)","(X)","(X)","(X)","(X)","1870","null","337","null","2.0","null","1.8","null","2.1","null","2.0","null","3.5","null","3.1","null","2.2","null","2.0","null","5.2","null","3.7","null","5.1","null","3.7","null","12.7","null","6.8","null","20.6","10.3","null","null","10.9","null","5.1","null","35.6","6.6","null","null","141536","11631","null","null","224304","null","44897","null","(X)","(X)","(X)","(X)","(X)","(X)","(X)","(X)","15.6","null","(X)","(X)",
"8600000US02215","ZCTA5 02215","8055","null","632","null","21.1","3.3","null","null","6.3","null","2.1","null","5.4","null","1.5","null","6.0","null","1.7","null","9.3","3.0","null","null","10.7","null","2.4","null","10.8","4.5","null","null","13.5","null","3.9","null","8.5","2.1","null","null","8.4","2.4","null","null","55468","9372","null","null","85058","8565","null","null","24.9","(X)","(X)","null","(X)","(X)","(X)","(X)","(X)","(X)","(X)","(X)","1749","null","245","null","4.6","null","3.0","null","3.8","null","4.1","null","4.7","null","3.1","null","5.0","null","3.5","null","11.1","null","10.3","null","9.4","null","4.5","null","9.8","4.6","null","null","11.3","4.2","null","null","15.8","6.4","null","null","24.4","8.5","null","null","110250","32027","null","null","147113","26572","null","null","(X)","(X)","(X)","(X)","38.5","(X)","(X)","null","(X)","(X)","(X)","(X)","1371","220","null","null","2.2","null","2.7","null","4.6","5.3","null","null","3.4","2.7","null","null","5.6","null","4.1","null","4.9","null","4.3","null","6.1","3.5","null","null","10.7","5.0","null","null","13.5","5.1","null","null","18.8","7.6","null","null","30.1","null","9.7","null","144844","null","37973","null","N","N","N","N","(X)","(X)","(X)","(X)","(X)","(X)","(X)","(X)","(X)","(X)","(X)","(X)","6306","null","640","null","25.8","null","4.4","null","7.0","null","2.5","null","5.4","null","1.7","null","6.4","null","2.2","null","8.8","null","2.6","null","11.1","null","2.9","null","10.9","null","5.6","null","14.1","5.1","null","null","6.5","null","2.3","null","4.0","2.0","null","null","42647","11231","null","null","67735","null","8934","null","(X)","(X)","(X)","(X)","(X)","(X)","(X)","(X)","21.0","null","(X)","(X)",
"8600000US02467","ZCTA5 02467","6594","null","454","null","5.3","2.6","null","null","1.5","null","1.5","null","1.8","null","1.2","null","5.6","null","2.1","null","3.3","1.4","null","null","9.0","null","2.2","null","6.0","2.1","null","null","17.6","null","3.6","null","15.1","3.1","null","null","35.0","4.0","null","null","150223","14990","null","null","208834","16635","null","null","39.7","(X)","(X)","null","(X)","(X)","(X)","(X)","(X)","(X)","(X)","(X)","4253","null","374","null","1.6","null","1.4","null","1.6","null","2.1","null","0.4","null","0.6","null","2.5","null","2.0","null","2.7","null","1.9","null","5.9","null","2.8","null","4.8","2.5","null","null","13.5","3.6","null","null","17.0","3.9","null","null","50.1","5.6","null","null","200123","20185","null","null","269280","25456","null","null","(X)","(X)","(X)","(X)","40.0","(X)","(X)","null","(X)","(X)","(X)","(X)","3736","369","null","null","0.7","null","0.8","null","0.5","0.6","null","null","0.0","1.1","null","null","1.1","null","1.0","null","2.4","null","2.0","null","6.2","3.0","null","null","4.7","2.7","null","null","13.6","4.0","null","null","16.5","4.0","null","null","54.4","null","5.9","null","211420","null","22466","null","N","N","N","N","(X)","(X)","(X)","(X)","(X)","(X)","(X)","(X)","(X)","(X)","(X)","(X)","2341","null","339","null","11.9","null","6.6","null","1.2","null","1.1","null","5.0","null","3.3","null","11.1","null","4.5","null","4.5","null","2.5","null","15.5","null","5.2","null","7.4","null","3.7","null","24.4","7.7","null","null","11.2","null","5.5","null","7.7","4.1","null","null","81339","26137","null","null","96025","null","12278","null","(X)","(X)","(X)","(X)","(X)","(X)","(X)","(X)","35.5","null","(X)","(X)",
